{
  "formatVersion": 1,
  "database": {
    "version": 1,
    "identityHash": "7ae4f12de610ff24026181237da7915f",
    "entities": [
      {
        "tableName": "Category",
        "createSql": "CREATE TABLE IF NOT EXISTS `${TABLE_NAME}` (`name` TEXT NOT NULL, `image` INTEGER NOT NULL, `typeId` INTEGER NOT NULL, `order` INTEGER NOT NULL, `isUserCreated` INTEGER NOT NULL, `categoryId` INTEGER PRIMARY KEY AUTOINCREMENT NOT NULL)",
        "fields": [
          {
            "fieldPath": "name",
            "columnName": "name",
            "affinity": "TEXT",
            "notNull": true
          },
          {
            "fieldPath": "image",
            "columnName": "image",
            "affinity": "INTEGER",
            "notNull": true
          },
          {
            "fieldPath": "typeId",
            "columnName": "typeId",
            "affinity": "INTEGER",
            "notNull": true
          },
          {
            "fieldPath": "order",
            "columnName": "order",
            "affinity": "INTEGER",
            "notNull": true
          },
          {
            "fieldPath": "isUserCreated",
            "columnName": "isUserCreated",
            "affinity": "INTEGER",
            "notNull": true
          },
          {
            "fieldPath": "categoryId",
            "columnName": "categoryId",
            "affinity": "INTEGER",
            "notNull": true
          }
        ],
        "primaryKey": {
          "columnNames": [
            "categoryId"
          ],
          "autoGenerate": true
        },
        "indices": [],
        "foreignKeys": []
      },
      {
        "tableName": "List",
        "createSql": "CREATE TABLE IF NOT EXISTS `${TABLE_NAME}` (`typeId` INTEGER NOT NULL, `year` TEXT NOT NULL, `month` TEXT NOT NULL, `day` TEXT NOT NULL, `time` TEXT NOT NULL, `shop` TEXT NOT NULL, `price` INTEGER NOT NULL, `memo` TEXT NOT NULL, `categoryId` INTEGER NOT NULL, `isBudgetIncluded` INTEGER NOT NULL, `listId` INTEGER PRIMARY KEY AUTOINCREMENT NOT NULL)",
        "fields": [
          {
            "fieldPath": "typeId",
            "columnName": "typeId",
            "affinity": "INTEGER",
            "notNull": true
          },
          {
            "fieldPath": "year",
            "columnName": "year",
            "affinity": "TEXT",
            "notNull": true
          },
          {
            "fieldPath": "month",
            "columnName": "month",
            "affinity": "TEXT",
            "notNull": true
          },
          {
            "fieldPath": "day",
            "columnName": "day",
            "affinity": "TEXT",
            "notNull": true
          },
          {
            "fieldPath": "time",
            "columnName": "time",
            "affinity": "TEXT",
            "notNull": true
          },
          {
            "fieldPath": "shop",
            "columnName": "shop",
            "affinity": "TEXT",
            "notNull": true
          },
          {
            "fieldPath": "price",
            "columnName": "price",
            "affinity": "INTEGER",
            "notNull": true
          },
          {
            "fieldPath": "memo",
            "columnName": "memo",
            "affinity": "TEXT",
            "notNull": true
          },
          {
            "fieldPath": "categoryId",
            "columnName": "categoryId",
            "affinity": "INTEGER",
            "notNull": true
          },
          {
            "fieldPath": "isBudgetIncluded",
            "columnName": "isBudgetIncluded",
            "affinity": "INTEGER",
            "notNull": true
          },
          {
            "fieldPath": "listId",
            "columnName": "listId",
            "affinity": "INTEGER",
            "notNull": true
          }
        ],
        "primaryKey": {
          "columnNames": [
            "listId"
          ],
          "autoGenerate": true
        },
        "indices": [],
        "foreignKeys": []
      }
    ],
    "views": [],
    "setupQueries": [
      "CREATE TABLE IF NOT EXISTS room_master_table (id INTEGER PRIMARY KEY,identity_hash TEXT)",
      "INSERT OR REPLACE INTO room_master_table (id,identity_hash) VALUES(42, '7ae4f12de610ff24026181237da7915f')"
    ]
  }
}